customer_id,state
52285744975,Illinois
15347240199,Illinois
29922627768,Illinois
19163595839,Indiana
38901998681,Wisconsin
23366047021,Indiana
10727478680,Michigan
19073589003,Illinois
53889344082,Minnesota
62670097752,Illinois
82253868811,Wisconsin
93331729111,Minnesota
49361319207,Michigan
80583461179,Indiana
63582185900,Wisconsin
34585707274,Indiana
15060366265,Minnesota
69428185894,Indiana
34302316618,Minnesota
30902371936,Minnesota
97863553979,Michigan
94691724972,Minnesota
84512847139,Michigan
35268432867,Michigan
84808186884,Wisconsin
60905816266,Minnesota
14810980594,Michigan
31563137937,Minnesota
22706653360,Indiana
51087462362,Michigan
96674065228,Michigan
50513851049,Indiana
56877466826,Illinois
69906511057,Michigan
94660413342,Minnesota
26595548164,Illinois
34061232841,Wisconsin
28265064471,Illinois
70234687391,Indiana
30930801834,Illinois
13349530635,Michigan
71664499828,Michigan
15150076061,Illinois
48855907774,Indiana
18571254318,Illinois
65921687703,Wisconsin
26546143339,Indiana
21661810145,Indiana
15834217417,Michigan
67763992731,Wisconsin
93525811854,Wisconsin
27336431054,Indiana
66167402964,Indiana
20727176318,Wisconsin
81778831848,Indiana
44644952555,Minnesota
48298033313,Wisconsin
78402702022,Wisconsin
24970066000,Michigan
97490812505,Wisconsin
65193064176,Minnesota
66698106505,Wisconsin
45383785770,Indiana
84832245114,Michigan
68359910340,Michigan
11708486468,Illinois
38705102659,Minnesota
78381520428,Michigan
18255949957,Illinois
10935109007,Michigan
57737651058,Wisconsin
43116689023,Wisconsin
60746337147,Minnesota
18271092123,Indiana
57647227012,Illinois
31459369771,Indiana
76327222453,Wisconsin
86542940239,Wisconsin
63752632471,Michigan
53940003433,Minnesota
96480903073,Michigan
35497865934,Minnesota
64167077768,Illinois
35729811569,Illinois
69796944079,Wisconsin
96462400373,Indiana
52021039477,Michigan
73433182176,Illinois
86021055059,Michigan
93085916498,Illinois
38686887327,Wisconsin
20449357150,Indiana
18873306226,Michigan
73581825080,Minnesota
36167929685,Michigan
13830764869,Wisconsin
42102508984,Minnesota
56551443134,Michigan
57882774736,Wisconsin
26812739474,Indiana
84225809326,Wisconsin
24084913856,Wisconsin
81042448097,Michigan
14249960752,Indiana
60429103267,Minnesota
34958099201,Wisconsin
67132704767,Indiana
20859475037,Wisconsin
38170800661,Indiana
92462108075,Michigan
27042724096,Michigan
93595459273,Wisconsin
21276608866,Illinois
81968337024,Minnesota
61773808546,Wisconsin
25355072081,Indiana
43503276635,Michigan
58565446916,Michigan
69468314582,Wisconsin
52892618247,Wisconsin
95629488301,Michigan
73072019706,Michigan
80416545860,Indiana
45582435934,Michigan
13188286462,Wisconsin
64519763547,Wisconsin
14254406578,Wisconsin
98688394394,Michigan
72387993639,Illinois
17856004006,Wisconsin
50839242865,Illinois
42894933691,Illinois
55562476081,Wisconsin
25827944463,Indiana
87992471799,Wisconsin
70238911498,Minnesota
73272757274,Wisconsin
66505342635,Wisconsin
72970052474,Illinois
88754277417,Indiana
39084076982,Michigan
43116007389,Minnesota
12319454035,Illinois
65006478052,Michigan
80352228727,Wisconsin
54444854269,Illinois
84381970056,Illinois
61420588674,Indiana
64403887897,Wisconsin
11055197850,Michigan
56356423560,Minnesota
92076213431,Minnesota
91745546633,Michigan
95004778091,Michigan
37300616644,Michigan
38928169204,Wisconsin
94434483786,Indiana
88480402335,Illinois
38710693647,Michigan
37179388022,Michigan
58581314607,Illinois
24408053231,Illinois
93551513007,Indiana
18789036007,Michigan
69845486246,Minnesota
94285880164,Wisconsin
85936099429,Minnesota
30171777094,Minnesota
46357403758,Minnesota
95894252344,Illinois
46672613885,Minnesota
91862925405,Wisconsin
61592825033,Michigan
88886357283,Illinois
49244869974,Michigan
39832078044,Illinois
66177166924,Wisconsin
48313665910,Illinois
28745528060,Michigan
35150733426,Michigan
69723340570,Indiana
35151727773,Michigan
17337473765,Michigan
24887872631,Minnesota
15001921326,Michigan
87937477298,Illinois
28494250245,Wisconsin
80388504371,Illinois
54287016996,Michigan
89111179111,Wisconsin
72841632730,Wisconsin
15777028046,Indiana
32301514728,Wisconsin
94074755982,Michigan
60720173436,Illinois
83638359845,Minnesota
87056637910,Minnesota
76216889465,Illinois
20898386916,Michigan
99774074790,Michigan
11302576450,Illinois
91566663944,Wisconsin
75900500792,Minnesota
95039137693,Indiana
61291463946,Indiana
86855864674,Indiana
91390221298,Wisconsin
57632036534,Wisconsin
87345241322,Wisconsin
23214389770,Illinois
24871184890,Indiana
44325596398,Michigan
35593310903,Indiana
45496186551,Michigan
85214453149,Minnesota
58558248534,Illinois
87076870379,Wisconsin
98739813983,Wisconsin
63354509332,Illinois
70080775022,Illinois
54806911065,Illinois
87375002786,Wisconsin
61835063377,Michigan
43273598740,Michigan
86473768885,Minnesota
82535126180,Illinois
95033336227,Indiana
96901280177,Illinois
27533897468,Illinois
63050175967,Illinois
45600966615,Michigan
71704295303,Indiana
34809512122,Indiana
83815739962,Wisconsin
38687912571,Wisconsin
14395470482,Indiana
96932963330,Wisconsin
55280847881,Wisconsin
10546386872,Minnesota
80292328346,Illinois
11550766028,Wisconsin
68860043320,Indiana
83568616916,Indiana
26531641922,Indiana
88058123565,Wisconsin
21655121503,Indiana
41757564256,Michigan
43687543270,Michigan
17946507172,Illinois
16859563727,Michigan
81796493495,Illinois
93135826250,Minnesota
54224505690,Minnesota
30379596914,Wisconsin
77403010650,Michigan
20892769916,Wisconsin
85021580838,Minnesota
66354488291,Indiana
55526817085,Indiana
35758180084,Minnesota
22469431835,Michigan
70739981065,Wisconsin
52260992095,Michigan
40657380531,Indiana
24663416235,Indiana
84932869415,Wisconsin
89271847186,Illinois
64465916907,Minnesota
19057817414,Indiana
82897273999,Wisconsin
15053080059,Wisconsin
40233045260,Illinois
36253446005,Illinois
99455904584,Wisconsin
77759754931,Minnesota
81724791110,Michigan
71560999022,Wisconsin
13081687849,Minnesota
87298695967,Illinois
23498649632,Illinois
14731930582,Michigan
61850445006,Wisconsin
89057421221,Illinois
86765400354,Michigan
31516623805,Indiana
16772913335,Wisconsin
71662306249,Illinois
42972374366,Wisconsin
30551123292,Indiana
67499360848,Wisconsin
88401942684,Indiana
15351137945,Michigan
61085335832,Michigan
77095091939,Illinois
51243137043,Michigan
96452311181,Minnesota
79893805935,Illinois
32119148930,Indiana
40450636731,Indiana
67974532003,Indiana
65647841093,Illinois
23396426838,Illinois
77031395644,Wisconsin
43958378543,Indiana
44457341910,Indiana
26605712414,Minnesota
89410782184,Minnesota
40732931349,Illinois
61396067276,Michigan
60764877293,Minnesota
96280791854,Michigan
34840664799,Wisconsin
82858006936,Indiana
46611684122,Michigan
95250200543,Minnesota
14435120274,Wisconsin
86709827439,Michigan
50209013551,Michigan
92928597990,Indiana
86501998905,Minnesota
16936390053,Michigan
78032259579,Minnesota
32845897439,Wisconsin
14445394004,Indiana
53164338267,Minnesota
42932113713,Illinois
26903505732,Michigan
73873763058,Illinois
63419032141,Wisconsin
32816836733,Minnesota
98237650210,Illinois
52181043755,Illinois
44082759924,Wisconsin
82183724361,Illinois
51006187470,Indiana
41209055003,Wisconsin
37538426385,Wisconsin
56015934916,Minnesota
45226007836,Michigan
41013270455,Michigan
36043238373,Minnesota
71920023749,Michigan
43919105668,Wisconsin
63877600773,Michigan
95112718649,Wisconsin
80693544132,Illinois
72348371303,Wisconsin
73977085496,Illinois
39359765709,Wisconsin
99691766036,Indiana
30170273105,Indiana
77038266226,Illinois
65512727897,Minnesota
91501731156,Minnesota
86250499978,Illinois
60762009934,Indiana
13636070156,Michigan
30738773299,Michigan
28129498047,Illinois
64267720161,Wisconsin
60651481154,Indiana
72067898910,Minnesota
38001140935,Wisconsin
24439773345,Illinois
42906995767,Michigan
58933910235,Minnesota
11250779216,Michigan
84921800747,Wisconsin
60768083700,Indiana
55483784293,Minnesota
86650471522,Illinois
24626998489,Indiana
95013390372,Minnesota
49230202836,Wisconsin
29542063449,Michigan
17720304387,Wisconsin
82604138423,Michigan
75956159733,Indiana
84118092544,Minnesota
47060980882,Indiana
25868507716,Minnesota
75218978374,Indiana
92775050974,Minnesota
66290722985,Minnesota
11794100270,Wisconsin
52216405179,Indiana
49648683284,Indiana
21116362954,Indiana
39652161116,Indiana
78390630580,Illinois
51227129596,Indiana
35738361460,Wisconsin
93911527582,Wisconsin
63531539361,Indiana
80290761716,Minnesota
42918723689,Michigan
30763467668,Michigan
60486915486,Wisconsin
39997105119,Indiana
48841860074,Illinois
33033534295,Illinois
55985172307,Illinois
51879244804,Minnesota
80941388928,Wisconsin
80568173230,Michigan
82717215252,Michigan
41454152822,Michigan
68341244307,Michigan
55118504572,Wisconsin
29690288198,Illinois
13650373185,Michigan
46861044019,Michigan
36610871245,Minnesota
75629777146,Minnesota
43548557540,Michigan
17089168804,Michigan
22907709663,Indiana
44584299879,Illinois
91619166380,Indiana
25648682800,Michigan
18627721859,Michigan
91715900527,Indiana
77238844698,Illinois
41328601728,Wisconsin
24236566876,Wisconsin
71679147074,Minnesota
18135677952,Illinois
13388178058,Illinois
86137323781,Indiana
60290852108,Wisconsin
58262380514,Illinois
35805955070,Michigan
25742023576,Michigan
60451803312,Minnesota
64986694043,Minnesota
27807500913,Indiana
32268266997,Illinois
91315804237,Michigan
88254434499,Michigan
19027739550,Michigan
98803601835,Michigan
46275530368,Illinois
24670005805,Michigan
48233800255,Indiana
39192304698,Wisconsin
79086480434,Michigan
82141676742,Illinois
78962210932,Michigan
44116817397,Wisconsin
12976505699,Illinois
36197190715,Illinois
91140063881,Minnesota
62327296999,Indiana
26815036935,Illinois
63014257330,Wisconsin
70724679202,Wisconsin
47797512888,Indiana
69715430574,Michigan
37217603773,Minnesota
21617604003,Indiana
57400814559,Illinois
41361919559,Wisconsin
69735916925,Indiana
28751423450,Indiana
65539046853,Wisconsin
44497803897,Illinois
55690850530,Minnesota
71263259336,Minnesota
41011959975,Illinois
45589393789,Wisconsin
23269391428,Minnesota
93117693118,Michigan
54167062678,Minnesota
46315215542,Minnesota
87742857696,Wisconsin
53406311624,Minnesota
48409512513,Indiana
67598033970,Michigan
18258504579,Michigan
90716858590,Michigan
31099113056,Michigan
34514274715,Indiana
83047930247,Wisconsin
58122228544,Minnesota
80607368474,Minnesota
13130414085,Indiana
64116191087,Illinois
96318790037,Michigan
29322555143,Illinois
81834117318,Wisconsin
23745600478,Indiana
58368111062,Indiana
26562532352,Indiana
68951669573,Michigan
11533972419,Indiana
31370727105,Illinois
56181433191,Minnesota
92970212513,Michigan
25179934530,Illinois
57504593008,Michigan
79916518771,Wisconsin
48584658840,Wisconsin
55506332017,Wisconsin
59281293044,Michigan
61175552062,Minnesota
68531731546,Minnesota
81865749487,Wisconsin
15862504475,Illinois
24644741025,Michigan
51182162873,Michigan
68490085431,Minnesota
18751052212,Indiana
57194211700,Indiana
94022465768,Illinois
80485954811,Indiana
90332327341,Michigan
53406733861,Minnesota
57513996765,Indiana
55397336100,Wisconsin
13189744321,Wisconsin
90208275186,Michigan
82304002521,Indiana
67995679966,Wisconsin
17959903666,Indiana
12753683288,Michigan
67991460217,Michigan
72157041393,Michigan
73828850785,Michigan
95603014206,Illinois
98962202112,Wisconsin
61358983276,Michigan
67918795389,Wisconsin
92533737446,Wisconsin
25618029316,Wisconsin
45247808942,Wisconsin
76757188875,Indiana
54424174367,Indiana
21231910377,Illinois
37632205232,Michigan
73635748845,Minnesota
16900326853,Michigan
84243579130,Minnesota
64840831553,Wisconsin
13785017958,Minnesota
32668821551,Illinois
18980934564,Minnesota
67827262634,Indiana
31556141354,Wisconsin
92566642937,Michigan
39080665815,Minnesota
24437165047,Indiana
69098627979,Minnesota
12255086507,Minnesota
58949389428,Illinois
29185471722,Michigan
44997377313,Illinois
39003636871,Minnesota
79878420287,Indiana
19254950958,Indiana
49218280251,Illinois
85324214327,Illinois
98781901030,Wisconsin
89147689651,Illinois
77972580730,Illinois
70902028940,Indiana
16140075629,Minnesota
85700028789,Minnesota
83099370603,Indiana
44186224386,Illinois
11308462314,Indiana
49728616898,Wisconsin
29164092950,Illinois
86424485714,Indiana
73638402811,Michigan
46273776812,Minnesota
16075773120,Illinois
91787538746,Wisconsin
50566649583,Indiana
74095684563,Michigan
67096053541,Illinois
46481195548,Wisconsin
22135082311,Wisconsin
43291315556,Michigan
26921903564,Indiana
70879550830,Michigan
61536582305,Wisconsin
99924157807,Michigan
33955742326,Wisconsin
89958882119,Wisconsin
14835317500,Michigan
77334205698,Michigan
58452182056,Michigan
12009115445,Minnesota
88542976894,Indiana
85098790323,Michigan
21018192078,Minnesota
64965186370,Michigan
45234976194,Illinois
29664644661,Illinois
86466451116,Indiana
71377977525,Michigan
28232413768,Michigan
34223159306,Michigan
48511668289,Michigan
25337193709,Illinois
97773649139,Minnesota
38287733885,Illinois
83293401387,Indiana
42365515458,Illinois
13064294637,Illinois
39191247707,Minnesota
79828406091,Illinois
99607261445,Indiana
83000479455,Wisconsin
86428101490,Michigan
40439234376,Illinois
62841366049,Indiana
89582696264,Wisconsin
78766179756,Indiana
56361193847,Wisconsin
54635339831,Minnesota
63659897618,Minnesota
26295650954,Michigan
50308668955,Illinois
44697414772,Wisconsin
85822418293,Minnesota
39978116941,Wisconsin
60125488784,Illinois
72445622269,Wisconsin
45042134214,Indiana
68263673012,Minnesota
48873237787,Michigan
58566971286,Indiana
73370809465,Wisconsin
70364228257,Michigan
87309247558,Illinois
62118923429,Michigan
30384987973,Michigan
34945975598,Wisconsin
42872569086,Indiana
10291981102,Wisconsin
46951132456,Minnesota
38658009965,Michigan
58488512544,Illinois
31391300941,Wisconsin
61217514810,Minnesota
76176536050,Wisconsin
95763042820,Wisconsin
44174038865,Indiana
56891623809,Illinois
21969759005,Illinois
97252875369,Indiana
85051017228,Michigan
28698496284,Michigan
90655567666,Illinois
20688324586,Michigan
57410595444,Indiana
52429720430,Michigan
25984784103,Illinois
48614246417,Indiana
83821118015,Illinois
18877303891,Minnesota
59952800496,Michigan
32156442857,Indiana
74291609426,Illinois
13730414549,Illinois
68087784308,Minnesota
11384283142,Illinois
63645971604,Wisconsin
97188842235,Minnesota
70662358121,Michigan
61129254769,Indiana
34354434007,Illinois
75201766565,Michigan
49103921322,Indiana
11255158261,Illinois
66610898955,Illinois
52095399012,Minnesota
65804368410,Michigan
71951289607,Illinois
55842930521,Illinois
21349331952,Wisconsin
81002086719,Wisconsin
27653578188,Michigan
67605689787,Illinois
51045611268,Illinois
85566670886,Wisconsin
39445285402,Indiana
72271497940,Michigan
61848774776,Indiana
84734012901,Minnesota
85897616849,Michigan
38129581062,Illinois
11665171385,Minnesota
30772190282,Illinois
69451690965,Michigan
19594346724,Illinois
65979637587,Minnesota
93793304114,Illinois
84544238969,Wisconsin
12024208787,Wisconsin
89458881352,Wisconsin
58796168538,Minnesota
30896311401,Illinois
51661862211,Wisconsin
20208536217,Wisconsin
69188690567,Indiana
29610789896,Minnesota
75679332929,Indiana
98998279392,Illinois
21040625366,Michigan
49132353207,Wisconsin
53705542940,Wisconsin
62232725722,Illinois
43170938389,Michigan
14239770070,Michigan
22806643003,Indiana
76055742804,Minnesota
13534120027,Michigan
68103829293,Minnesota
25305514893,Michigan
74876595675,Indiana
27051992592,Michigan
89273654823,Illinois
81744922570,Minnesota
52572527821,Minnesota
15451258075,Indiana
61491112242,Minnesota
75623679526,Wisconsin
26036476182,Minnesota
54577579496,Wisconsin
79076527901,Wisconsin
21065269246,Minnesota
30073587404,Minnesota
21551133716,Indiana
52121116172,Illinois
34761052744,Wisconsin
24114310462,Wisconsin
11088882403,Minnesota
38900363518,Indiana
84338678653,Indiana
63167761661,Illinois
48701071896,Minnesota
84690958132,Indiana
83914354972,Minnesota
62911709708,Wisconsin
59381182162,Michigan
57064429532,Minnesota
92132048038,Illinois
70102471172,Indiana
86785744221,Minnesota
63435988227,Illinois
32383738716,Michigan
30845383723,Minnesota
45311528246,Michigan
90460222274,Wisconsin
75688068399,Minnesota
48043343741,Michigan
56897816752,Michigan
69835935277,Illinois
25350348563,Wisconsin
11234410165,Minnesota
45862280482,Indiana
23755531780,Michigan
86401838088,Michigan
42897402070,Michigan
10629811114,Wisconsin
71524815640,Minnesota
37276737364,Michigan
42439525146,Illinois
43103548760,Illinois
64350050254,Illinois
44978096936,Illinois
86814431246,Illinois
32101240061,Minnesota
90616022516,Minnesota
25619739140,Indiana
25367988282,Minnesota
79118108042,Wisconsin
18947190557,Illinois
47713385228,Michigan
47052345335,Illinois
86760549917,Illinois
68165190179,Wisconsin
77051759322,Minnesota
18398321965,Minnesota
15152181157,Minnesota
22437018149,Illinois
95837804823,Minnesota
51112624046,Indiana
34182145122,Indiana
19806992953,Wisconsin
54240985078,Illinois
10980947812,Illinois
18316005710,Wisconsin
50842422591,Michigan
37113149537,Indiana
89076686652,Illinois
76163615960,Illinois
71698768192,Michigan
57426260216,Wisconsin
94760902689,Illinois
47028973378,Illinois
79092576101,Wisconsin
55122830872,Wisconsin
58289422438,Michigan
59832914459,Wisconsin
69703157515,Illinois
10378066152,Minnesota
92784807307,Minnesota
14619248637,Indiana
12123070472,Indiana
95681669943,Indiana
89802891694,Illinois
87692541680,Illinois
90799024800,Minnesota
76808889211,Indiana
25439362382,Michigan
45686594554,Minnesota
64048677822,Indiana
94182136021,Indiana
27269916937,Illinois
64837905119,Wisconsin
54979316918,Minnesota
98108712727,Illinois
13890199397,Wisconsin
97753181918,Wisconsin
21510626791,Illinois
56685751227,Michigan
79298987482,Minnesota
58916076073,Indiana
43072808883,Indiana
53096290151,Illinois
53000577188,Michigan
67647491554,Wisconsin
91396011456,Michigan
63274511468,Michigan
95103413213,Indiana
70039054958,Indiana
80285037724,Michigan
35260458272,Indiana
38782054475,Michigan
36424633591,Indiana
27955490345,Michigan
15481618119,Michigan
17126158818,Michigan
71205073473,Minnesota
10125890876,Wisconsin
59273454572,Minnesota
59902728998,Illinois
42505445679,Indiana
99678350319,Indiana
62592654238,Illinois
52963799147,Michigan
72339206726,Michigan
99718204838,Indiana
42493259140,Illinois
85135080392,Minnesota
35124409474,Wisconsin
26658989980,Wisconsin
55398684077,Indiana
17291200267,Michigan
92309744781,Illinois
42046981009,Michigan
56347991737,Indiana
80302813884,Illinois
16719194326,Wisconsin
61844967126,Minnesota
95942290228,Wisconsin
51090851132,Michigan
47824647375,Wisconsin
33144743415,Minnesota
18113391113,Illinois
84735211802,Michigan
25978942070,Michigan
82286565110,Minnesota
23218903432,Michigan
78023987859,Michigan
58935259461,Wisconsin
94797988679,Illinois
28916010923,Illinois
70470964521,Indiana
13993292918,Illinois
27670519162,Minnesota
23570669591,Wisconsin
94583310923,Wisconsin
41835396694,Indiana
29444808388,Michigan
23912495493,Michigan
52957690809,Minnesota
29011468991,Minnesota
11760218398,Wisconsin
92092742449,Michigan
73482863895,Illinois
55484392316,Wisconsin
73913662873,Illinois
34995595897,Indiana
30477476759,Indiana
93614238535,Wisconsin
35793808122,Minnesota
84544564995,Minnesota
37867700846,Wisconsin
97016774646,Wisconsin
13917419798,Wisconsin
54084860710,Michigan
27028524249,Michigan
90657639667,Michigan
86407988225,Illinois
61205081343,Wisconsin
72147067776,Wisconsin
29438750501,Indiana
34383839603,Indiana
17991578442,Illinois
87730515482,Indiana
76836011809,Minnesota
60186734404,Indiana
51217256306,Illinois
31074096187,Indiana
40665687080,Indiana
33595856620,Illinois
66183982533,Michigan
43133542491,Illinois
48497915654,Illinois
97829279450,Wisconsin
30517484630,Illinois
21863300288,Minnesota
78086180056,Michigan
68578570903,Minnesota
50545672806,Illinois
75084891927,Michigan
67117356708,Indiana
68163570979,Illinois
10708360346,Indiana
54264837990,Illinois
75093481166,Michigan
93194358119,Wisconsin
48328418417,Indiana
47526849329,Wisconsin
81454981402,Illinois
53628724419,Indiana
25281579433,Illinois
59840014552,Wisconsin
87658131515,Indiana
82637638468,Indiana
22685128945,Illinois
16204034096,Michigan
20384016713,Illinois
57527802673,Wisconsin
31019997913,Wisconsin
40493612779,Illinois
72456632879,Indiana
28647926352,Wisconsin
82761761397,Michigan
39577062282,Indiana
52022433219,Minnesota
11934647690,Indiana
85747670665,Wisconsin
75028057443,Wisconsin
58861151212,Minnesota
61004906735,Illinois
81392911302,Wisconsin
99226089429,Wisconsin
27768424329,Wisconsin
96107469570,Minnesota
48532796141,Illinois
41931380155,Illinois
34172309612,Minnesota
46708842143,Michigan
30583959830,Minnesota
63112549099,Wisconsin
80557244984,Minnesota
94140407726,Illinois
21830070222,Wisconsin
78313230207,Wisconsin
32236381324,Minnesota
93378368916,Michigan
49812521875,Indiana
88434232124,Wisconsin
77259358269,Indiana
88125752166,Indiana
80995867783,Wisconsin
59854913749,Indiana
66098706168,Wisconsin
20362570015,Minnesota
81459151842,Minnesota
65087970864,Michigan
50619027997,Illinois
54108490201,Minnesota
61583347221,Minnesota
15923537549,Minnesota
45917965118,Indiana
74705259581,Wisconsin
76928620167,Wisconsin
57706252814,Illinois
73481691105,Wisconsin
29122810456,Illinois
31967955956,Michigan
63230793379,Illinois
32138360326,Wisconsin
23821122466,Illinois
23471307524,Michigan
81757541840,Indiana
80063880115,Illinois
12211157804,Illinois
14201083903,Michigan
11919711985,Minnesota
77019764089,Michigan
94699376674,Michigan
63307826319,Michigan
80331920084,Indiana
82038915687,Michigan
86292306701,Michigan
32423224798,Indiana
32652566706,Wisconsin
40169618498,Indiana
97645596823,Indiana
10158530187,Michigan
68851681917,Minnesota
17197171462,Wisconsin
74419423153,Minnesota
63178944347,Indiana
48659337036,Wisconsin
49371251856,Minnesota
94535078019,Illinois
22495724351,Michigan
72853106980,Minnesota
68029615547,Minnesota
88918255562,Indiana
77695119877,Illinois
72403240741,Indiana
22125942041,Indiana
88748424228,Illinois
29535850341,Minnesota
55237047858,Illinois
15562816251,Illinois
67501794774,Illinois
23910415261,Illinois
63723367453,Illinois
98880099782,Minnesota
94091711591,Minnesota
17373629431,Wisconsin
65165943599,Wisconsin
75530822033,Wisconsin
75255231401,Michigan
15035850902,Illinois
61099856954,Wisconsin
64812726924,Wisconsin
61966055833,Minnesota
83459654194,Minnesota
41275318817,Wisconsin
63187890889,Wisconsin
82495617762,Illinois
57630533310,Indiana
44804482499,Wisconsin
56978110210,Michigan
76716102179,Michigan
50606747269,Illinois
55227322692,Wisconsin
53277017035,Wisconsin
67287111698,Michigan
23881204151,Wisconsin
55678006628,Wisconsin
99705486309,Michigan
22464639704,Michigan
60500467316,Illinois
71654487801,Wisconsin
33993600258,Indiana
45415144331,Minnesota
54354353913,Michigan
86376382254,Minnesota
13610396875,Michigan
62606199609,Wisconsin
72800818847,Michigan
32427257953,Indiana
62779060940,Wisconsin
14013228364,Indiana
70556176456,Illinois
73120434352,Indiana
73839161969,Wisconsin
32779007102,Wisconsin
74817191434,Illinois
96347856542,Indiana
59530726290,Wisconsin
37573425025,Indiana
79503191288,Illinois
74242960249,Michigan
54600507679,Michigan
69976433380,Michigan
77319375073,Michigan
97579107762,Michigan
57032719663,Indiana
58878233190,Illinois
36377770347,Minnesota
62455329864,Indiana
10605009131,Wisconsin
38200631965,Minnesota
69412702768,Illinois
51491178996,Indiana
48059056753,Michigan
57633949848,Michigan
39236359664,Illinois
63771096570,Illinois
48288877830,Michigan
17824973410,Illinois
42045147069,Indiana
45872860581,Illinois
52303433388,Michigan
77496710581,Wisconsin
75153403241,Minnesota
51663085765,Illinois
35474468495,Wisconsin
57486954507,Indiana
77623151862,Illinois
30160005501,Illinois
94988845981,Michigan
41950305174,Minnesota
44967169190,Wisconsin
87033433035,Michigan
38476895485,Wisconsin
62585789813,Wisconsin
70163228345,Indiana
25503849978,Illinois
80883240445,Illinois
41111867857,Michigan
31375240579,Michigan
66481924643,Illinois
33379093875,Illinois
62445154744,Minnesota
59062041476,Illinois
74752981642,Illinois
90949546572,Minnesota
44600420568,Michigan
92146179796,Wisconsin
17620978895,Illinois
71357725146,Minnesota
10844570644,Minnesota
75877648234,Wisconsin
56660503683,Indiana
21049595274,Minnesota
48266302134,Wisconsin
12038567111,Minnesota
78718380229,Indiana
27227573846,Indiana
71434273207,Illinois
45082199388,Wisconsin
88752644274,Wisconsin
93637208309,Illinois
44924812375,Indiana
14197004690,Wisconsin
76999047872,Minnesota
12953404191,Illinois
45041789711,Wisconsin
97566783454,Illinois
86710709512,Illinois
59825317586,Michigan
90750677365,Michigan
96951494030,Michigan
22212489001,Illinois
57381630166,Illinois
51509504579,Indiana
68527967129,Wisconsin
62686347468,Minnesota
92464052145,Illinois
33148396132,Wisconsin
59470841107,Indiana
93693188487,Michigan
75189196423,Illinois
51592268385,Indiana
21636388518,Indiana
48224100125,Michigan
96731418292,Minnesota
64971650691,Minnesota
33743761724,Indiana
45211090864,Indiana
10265998282,Indiana
18726454594,Illinois
15637978367,Michigan
73765118804,Minnesota
40596625167,Illinois
16252370295,Minnesota
85396639699,Indiana
39970403241,Indiana
59972218035,Illinois
56616797158,Michigan
10326922570,Illinois
91051984209,Minnesota
36389562873,Minnesota
27317823069,Michigan
57061802788,Minnesota
31777513141,Indiana
83499468747,Michigan
78201054874,Minnesota
98222600762,Michigan
36353401536,Indiana
25393593740,Michigan
43124935678,Michigan
88228377693,Michigan
29308566335,Michigan
67807481372,Wisconsin
92036213237,Indiana
11068657924,Wisconsin
92815200138,Michigan
22463983620,Michigan
93133367891,Minnesota
66317557067,Michigan
96238170018,Indiana
76756150935,Illinois
94354928974,Michigan
46650832292,Wisconsin
60802182240,Indiana
97296285383,Indiana
27254629740,Wisconsin
88367915195,Indiana
96654184753,Wisconsin
92063629601,Wisconsin
50776816544,Illinois
56529425795,Michigan
18072429473,Illinois
44099577878,Minnesota
87205719569,Illinois
60602171652,Illinois
55412530116,Minnesota
95733747474,Michigan
33379893024,Illinois
50635507095,Indiana
81351655855,Michigan
52769697705,Indiana
95762970364,Minnesota
92966765999,Indiana
81778213386,Minnesota
82795231659,Minnesota
31679422649,Michigan
30250855025,Indiana
95017307916,Indiana
16199837331,Michigan
76330177440,Illinois
77495265059,Wisconsin
74648182201,Illinois
15158215752,Michigan
69487558202,Minnesota
87304679608,Indiana
13998513830,Illinois
80166346236,Illinois
34339390209,Wisconsin
37788395890,Michigan
94414289275,Indiana
56742540008,Wisconsin
49360748826,Indiana
98572117568,Indiana
10912741000,Michigan
97551722165,Minnesota
84778376560,Wisconsin
86756881816,Wisconsin
85294497896,Indiana
29082666730,Illinois
74397973340,Minnesota
39410153040,Indiana
12590965559,Indiana
80916473466,Minnesota
18706461082,Wisconsin
43324926228,Michigan
80287844131,Illinois
55238901024,Illinois
44076514887,Illinois
35517179088,Wisconsin
49851941658,Minnesota
64733185095,Wisconsin
37377861613,Indiana
30116880928,Indiana
53185216058,Indiana
79268673910,Illinois
65396834122,Michigan
36492751826,Minnesota
49631090977,Michigan
42602184215,Wisconsin
92392870172,Michigan
44096783888,Michigan
43056586313,Wisconsin
96861306417,Indiana
27669082775,Michigan
94059251453,Illinois
70777189529,Wisconsin
37341439726,Wisconsin
64259189794,Indiana
99193727610,Michigan
38415773747,Minnesota
68347012018,Minnesota
65321870652,Michigan
89266228850,Michigan
91771006675,Wisconsin
72659544159,Indiana
22013724522,Michigan
64840949917,Michigan
95247907987,Indiana
93342101699,Wisconsin
20740341339,Minnesota
48832228235,Indiana
68626237779,Michigan
72776869978,Indiana
52672866627,Indiana
50252644751,Indiana
90441758320,Illinois
54737429933,Minnesota
26622871406,Indiana
68594744086,Michigan
15608801427,Michigan
28534119893,Minnesota
61808910617,Wisconsin
41739802492,Illinois
72197419860,Minnesota
42814930063,Indiana
45009313176,Minnesota
32369388510,Michigan
12814565695,Minnesota
54831635024,Michigan
36055177377,Indiana
11016127768,Wisconsin
76156040433,Minnesota
89400662324,Illinois
52288011795,Wisconsin
86392777715,Illinois
74098091619,Minnesota
77600169058,Illinois
67530769376,Minnesota
26082534976,Wisconsin
45896780383,Illinois
50693708721,Wisconsin
66336679174,Illinois
55812679590,Minnesota
94778601938,Michigan
73231885992,Michigan
50410160104,Minnesota
52367903483,Michigan
76914575954,Indiana
24182597136,Michigan
41948606097,Indiana
28636201409,Minnesota
25465293413,Minnesota
71251776258,Illinois
55555115103,Michigan
35882067743,Indiana
39346031609,Wisconsin
73261636531,Illinois
43373537038,Illinois
99746332907,Indiana
46578809421,Wisconsin
65540755899,Indiana
73211653703,Wisconsin
32184634666,Minnesota
32046598947,Minnesota
32293379319,Minnesota
19266353602,Indiana
73274610102,Minnesota
31958642475,Minnesota
95297757401,Wisconsin
43160722547,Indiana
99943291681,Wisconsin
25370573069,Wisconsin
79990569802,Illinois
63911723648,Illinois
31136625147,Minnesota
14009965023,Illinois
25928561644,Illinois
28892040621,Michigan
81675043021,Minnesota
93347495032,Illinois
54792464064,Wisconsin
39533411819,Minnesota
95532253525,Wisconsin
61940351148,Illinois
42902856905,Wisconsin
69976647817,Wisconsin
79072338127,Michigan
32198658005,Michigan
16166923493,Michigan
82765426032,Illinois
75399796880,Illinois
90752937090,Illinois
59183236328,Michigan
74811508249,Michigan
67100999530,Wisconsin
88735538067,Michigan
76104077802,Illinois
96856137255,Minnesota
85633485139,Minnesota
77681166018,Wisconsin
63227738065,Michigan
99256286737,Minnesota
51906497423,Indiana
47636193114,Wisconsin
66695321610,Illinois
37371892461,Minnesota
39678269855,Indiana
65376354568,Indiana
66539992389,Illinois
30374550009,Indiana
77848048525,Illinois
47440069518,Michigan
32888972461,Minnesota
11381535525,Illinois
41267313050,Minnesota
52809715377,Michigan
41861585444,Indiana
80862482334,Illinois
65273832947,Minnesota
33501146322,Michigan
67256181243,Minnesota
17533613904,Wisconsin
29947360710,Michigan
15906742591,Indiana
18312666839,Wisconsin
37695014836,Indiana
47435844234,Wisconsin
37592939297,Indiana
45420775779,Indiana
17803132516,Illinois
52480387726,Wisconsin
92246427112,Wisconsin
25974046843,Indiana
31282614826,Michigan
62655428209,Illinois
24200937708,Minnesota
51257936399,Michigan
59639134069,Michigan
63457164767,Indiana
98823123604,Illinois
58757614401,Michigan
38613865062,Minnesota
24971188351,Wisconsin
10224717119,Illinois
94123573713,Indiana
86398893945,Michigan
28324564176,Minnesota
24478097656,Indiana
60532008512,Minnesota
80113095518,Wisconsin
99109946466,Indiana
74862521139,Indiana
79541768677,Illinois
38218283740,Minnesota
81528168060,Wisconsin
53341674691,Minnesota
13312957585,Wisconsin
76829798519,Michigan
90157690543,Illinois
82834467279,Wisconsin
74464502779,Wisconsin
50683325567,Indiana
55971645268,Wisconsin
78497530772,Minnesota
15352196767,Minnesota
66014337023,Illinois
64134490902,Indiana
95352723264,Wisconsin
92485493340,Indiana
39822843158,Illinois
85300600299,Minnesota
27715769002,Illinois
14426791341,Wisconsin
43082896953,Minnesota
41717177425,Minnesota
93502834521,Wisconsin
97548819436,Wisconsin
80014668164,Michigan
22271320385,Wisconsin
88652297156,Michigan
52256633610,Indiana
14156240230,Indiana
79766841788,Wisconsin
84954126125,Wisconsin
99239321383,Minnesota
94337091300,Wisconsin
81510797374,Indiana
58904409806,Minnesota
14567771602,Wisconsin
18924582681,Michigan
53473067370,Michigan
63559964837,Minnesota
95440832389,Michigan
95414336850,Indiana
49113481395,Wisconsin
54994563020,Michigan
86105972108,Illinois
19727388063,Wisconsin
35617613990,Wisconsin
75297570776,Illinois
69692367666,Michigan
76019720508,Indiana
77630747903,Illinois
14349680732,Wisconsin
83362540483,Michigan
25651918291,Minnesota
77503039522,Michigan
30379997715,Indiana
81684637827,Michigan
98662936473,Indiana
28465411684,Minnesota
19209281087,Minnesota
90739864999,Michigan
45050163540,Wisconsin
58910111123,Michigan
78322585236,Illinois
15247679998,Indiana
73643046733,Wisconsin
95669052261,Minnesota
37264728921,Indiana
64076153166,Illinois
68777387039,Indiana
28047954156,Minnesota
22819082149,Minnesota
49469045198,Indiana
85076755450,Minnesota
64836171868,Michigan
58270039604,Illinois
32861668267,Wisconsin
74606566541,Minnesota
89804212568,Michigan
30025557212,Illinois
62400112473,Minnesota
95722893248,Illinois
96042619767,Michigan
11610490205,Indiana
43916432607,Michigan
23516644148,Illinois
42811790839,Wisconsin
96889653237,Michigan
24545767453,Minnesota
26956703001,Michigan
19175090216,Minnesota
72563655779,Michigan
57743970352,Indiana
41086417435,Illinois
13481395968,Indiana
71104144940,Wisconsin
82409610417,Indiana
13050905125,Illinois
38237348429,Indiana
57796982179,Michigan
21704705129,Minnesota
90290240402,Wisconsin
99817267787,Indiana
33053355256,Minnesota
20018541249,Minnesota
72677839599,Illinois
49915168547,Illinois
70292857259,Michigan
18432081892,Wisconsin
95884029355,Minnesota
55617001457,Michigan
89182182866,Minnesota
81355770498,Minnesota
61658919365,Minnesota
28894705843,Illinois
61963007436,Wisconsin
60298018708,Indiana
33077629351,Wisconsin
48739797889,Indiana
37298870502,Minnesota
80848731832,Michigan
21745914926,Minnesota
21866795826,Indiana
11878585029,Wisconsin
43845729322,Illinois
86122223074,Wisconsin
42637307750,Michigan
79870484087,Indiana
98552693559,Michigan
37301144734,Michigan
30439597753,Minnesota
18050804339,Indiana
65495232489,Illinois
70118801990,Illinois
11089792906,Wisconsin
41206825169,Wisconsin
75530888871,Wisconsin
16511849080,Illinois
65010055399,Minnesota
74012834487,Indiana
78445340004,Illinois
56617932013,Indiana
95185316648,Illinois
37427375040,Indiana
41271067754,Illinois
17771861375,Minnesota
72947442635,Indiana
73730581771,Indiana
27053875561,Wisconsin
58857272801,Minnesota
41369816673,Illinois
64622658717,Illinois
45122370832,Illinois
90324159857,Illinois
53062609559,Wisconsin
91191086221,Wisconsin
82697588554,Wisconsin
26470446106,Michigan
45419961257,Illinois
66910418727,Wisconsin
56279976401,Wisconsin
93907884844,Wisconsin
67719401724,Illinois
26663486118,Illinois
56915071990,Michigan
82252304285,Wisconsin
25164876869,Wisconsin
35305646360,Wisconsin
64898360475,Wisconsin
97708799318,Wisconsin
95729890207,Illinois
84377992439,Minnesota
78728748675,Indiana
87537330359,Minnesota
69000623710,Wisconsin
58438711581,Wisconsin
69498407810,Illinois
73988789058,Michigan
90837590993,Illinois
83926338331,Indiana
46191060186,Michigan
84701252583,Indiana
41886078886,Minnesota
35368430458,Michigan
14843026324,Indiana
38533382379,Illinois
48623134450,Indiana
91718802270,Wisconsin
12386861328,Illinois
61641615884,Indiana
19780676403,Indiana
48333159585,Wisconsin
91054560760,Wisconsin
62920918947,Minnesota
11677230391,Michigan
61888081772,Minnesota
20406802412,Wisconsin
31968968679,Illinois
97914171654,Michigan
50196718705,Michigan
23811497073,Wisconsin
74948823567,Minnesota
71538388537,Wisconsin
87919512040,Wisconsin
24565591141,Wisconsin
79619423352,Indiana
55016937646,Wisconsin
63084203252,Indiana
25939344512,Wisconsin
98303169265,Minnesota
72351092213,Michigan
15765756226,Illinois
80184536348,Illinois
23681749607,Illinois
48631503953,Indiana
33796220001,Minnesota
42501030600,Indiana
46880247779,Indiana
16362374926,Illinois
39778938898,Illinois
45421786463,Michigan
19636697769,Wisconsin
89633307794,Illinois
86634109126,Minnesota
68148223363,Wisconsin
41537252909,Minnesota
50732941421,Wisconsin
54712941351,Michigan
44077682001,Indiana
85994335039,Illinois
60104805578,Minnesota
69269712524,Indiana
30097301551,Illinois
14215651256,Indiana
35857090746,Minnesota
53524628013,Indiana
14894411643,Indiana
18703630834,Indiana
47719141768,Illinois
60151267489,Minnesota
19296661395,Wisconsin
66157425578,Indiana
24966114943,Indiana
35520272154,Indiana
86709738623,Illinois
45691417996,Minnesota
13397889428,Indiana
45163498400,Indiana
67393765453,Illinois
45110318649,Wisconsin
93084770335,Illinois
85502176718,Wisconsin
30944565534,Minnesota
93205604678,Minnesota
22803639644,Illinois
95399214944,Minnesota
79097344585,Illinois
73071749826,Minnesota
22862302735,Indiana
69889206225,Michigan
59929660170,Illinois
34743724359,Minnesota
51507480052,Illinois
72050139285,Minnesota
89750714442,Illinois
71952185359,Wisconsin
85345697367,Wisconsin
55692394527,Indiana
37305044355,Illinois
80213987265,Wisconsin
17253269084,Michigan
85143387233,Wisconsin
67990890049,Minnesota
11341918953,Michigan
31815150798,Indiana
90669651364,Indiana
65150089991,Minnesota
43775724399,Wisconsin
31046404020,Minnesota
43617103411,Michigan
75951443011,Minnesota
25902012238,Wisconsin
22957427365,Wisconsin
16688867737,Illinois
13524138810,Illinois
95654821141,Michigan
67153506240,Minnesota
46402971283,Illinois
81537749062,Indiana
18107321319,Michigan
25539550579,Minnesota
87895185758,Minnesota
95707787499,Wisconsin
21398710635,Michigan
63876339840,Michigan
51369475903,Michigan
52088719705,Indiana
15303525131,Illinois
35510086452,Wisconsin
72553416447,Wisconsin
33953346608,Michigan
11729913025,Minnesota
40817378092,Michigan
81271133338,Indiana
89524576297,Minnesota
81395350707,Wisconsin
67442098446,Wisconsin
72869138482,Illinois
60243908980,Indiana
80234841074,Indiana
12902351128,Wisconsin
44731160955,Minnesota
90305060582,Michigan
33724246202,Minnesota
34001057391,Illinois
23891603942,Michigan
30000884929,Michigan
88127377209,Illinois
30704168983,Minnesota
15170936721,Wisconsin
97243150223,Wisconsin
11215468682,Michigan
66229369620,Minnesota
11097328877,Illinois
12529252645,Minnesota
17524780980,Illinois
38122669584,Michigan
53863817391,Michigan
81234679396,Illinois
16322201437,Illinois
60912312289,Michigan
34249780178,Michigan
39116374478,Wisconsin
83389220788,Minnesota
27597349489,Indiana
48225133797,Illinois
14233600159,Indiana
87671922028,Minnesota
91530470251,Illinois
76457323165,Indiana
48432702798,Minnesota
33602688793,Indiana
36908775621,Minnesota
83881646995,Illinois
66858778931,Indiana
12431549294,Indiana
12963210382,Minnesota
57719058543,Wisconsin
19675214525,Minnesota
89930270602,Illinois
67469455162,Minnesota
86060697417,Minnesota
13196160246,Michigan
95088532949,Wisconsin
99808936298,Minnesota
44900381585,Minnesota
60491585326,Michigan
73534009927,Wisconsin
31779751795,Michigan
62704544932,Illinois
85875825586,Wisconsin
20315591908,Illinois
54671532678,Michigan
92209007675,Minnesota
56019924912,Michigan
65005027891,Illinois
57426094627,Indiana
71767278305,Indiana
30169462192,Michigan
85541951735,Minnesota
22132384138,Minnesota
89403571709,Michigan
63931097290,Michigan
76746836472,Michigan
57979170223,Wisconsin
62822172392,Michigan
30399224156,Wisconsin
40705580511,Michigan
63679219584,Wisconsin
63090090723,Illinois
50558844566,Indiana
49720651961,Illinois
72678751784,Illinois
29454109380,Illinois
37917843657,Wisconsin
28313855183,Michigan
37498662937,Illinois
65106478283,Illinois
14406189891,Wisconsin
79315754420,Illinois
58703650388,Illinois
74107096638,Indiana
66154362544,Illinois
71362356620,Illinois
30053712971,Michigan
98086201756,Wisconsin
39826417973,Wisconsin
32511391923,Michigan
82040136987,Wisconsin
50871183488,Minnesota
76266398757,Minnesota
50900062933,Michigan
24041665429,Indiana
41807606592,Minnesota
63602989403,Minnesota
71534746249,Illinois
54279158435,Michigan
55289396506,Michigan
53026337899,Indiana
19888831239,Illinois
21341970238,Illinois
64532181670,Michigan
57040173086,Michigan
56981868798,Indiana
78556285993,Indiana
77944161468,Illinois
31251095546,Wisconsin
76041138292,Wisconsin
65076116374,Minnesota
48783725119,Wisconsin
82272572689,Minnesota
13567882988,Indiana
99737120527,Michigan
90984913427,Indiana
27244130277,Illinois
82807911139,Minnesota
36116396115,Illinois
93962613978,Illinois
93187747639,Minnesota
72049052061,Illinois
22857301400,Indiana
61096129183,Minnesota
84387949546,Minnesota
65914304832,Michigan
15961738212,Minnesota
23773012787,Wisconsin
73733160890,Illinois
47749688217,Minnesota
53211378527,Wisconsin
48181001805,Michigan
59857476739,Illinois
53115977299,Minnesota
79230621298,Illinois
55544598059,Illinois
85327002972,Michigan
59754627933,Illinois
55640724154,Michigan
19188738090,Illinois
48488961459,Minnesota
26390921764,Illinois
77993784346,Indiana
48230093032,Illinois
48271713573,Wisconsin
28610708994,Michigan
29964367548,Indiana
21337187672,Michigan
25056737550,Indiana
25025164650,Minnesota
63279395564,Michigan
83085471425,Indiana
99118052985,Minnesota
48111353549,Illinois
69546678608,Illinois
29247910488,Indiana
55736777550,Michigan
11632274928,Wisconsin
10502911818,Illinois
10904607971,Indiana
80438144193,Illinois
79705678517,Illinois
94576131975,Indiana
82797345465,Michigan
85917370034,Minnesota
38742258489,Michigan
17344850628,Michigan
52348893302,Wisconsin
28191218543,Michigan
84584662164,Minnesota
54196395959,Minnesota
73015001752,Minnesota
20268943651,Minnesota
40953990204,Wisconsin
59891105072,Indiana
26284334108,Minnesota
64526376652,Michigan
78270213629,Michigan
11718365672,Indiana
49121670670,Wisconsin
71201215810,Indiana
33532297964,Michigan
44011427579,Michigan
47059882474,Indiana
20417306937,Minnesota
20190364001,Michigan
23945258232,Indiana
57648716463,Indiana
43898584784,Illinois
22535284841,Illinois
37099336111,Wisconsin
27839105781,Michigan
87962591047,Michigan
29239422423,Illinois
72353752114,Illinois
33594064132,Illinois
88580170776,Wisconsin
57284314879,Michigan
56249245732,Indiana
25489880544,Michigan
70926577481,Michigan
55502614705,Indiana
48652096855,Minnesota
37725945254,Minnesota
63662417560,Wisconsin
90146975631,Minnesota
40580877744,Michigan
62420055309,Indiana
48547138573,Minnesota
84194990290,Wisconsin
15397333935,Indiana
94215796587,Wisconsin
56985910194,Illinois
60873581489,Wisconsin
96232151488,Illinois
27019028850,Illinois
25912533872,Michigan
61725161717,Wisconsin
89278892077,Indiana
71166246155,Illinois
81720382331,Michigan
78817340162,Wisconsin
71504700805,Illinois
75767236795,Minnesota
27936224843,Wisconsin
28209504665,Wisconsin
14494116303,Minnesota
66401564277,Wisconsin
49987628473,Illinois
24953459481,Michigan
55005766681,Michigan
22319562520,Illinois
91820653542,Indiana
96529867788,Minnesota
69480566949,Michigan
55050497580,Indiana
97339895434,Illinois
47790183545,Michigan
42751360058,Minnesota
49310635381,Wisconsin
45624945450,Michigan
47123576214,Wisconsin
38517727985,Wisconsin
39680236101,Illinois
51447095059,Wisconsin
65617757202,Michigan
71350129161,Wisconsin
91817520151,Illinois
30399170758,Illinois
30069259742,Illinois
61383395539,Wisconsin
96783309143,Michigan
41658605479,Illinois
47177075934,Illinois
15048402674,Wisconsin
61221930433,Michigan
19877126827,Illinois
70334331906,Indiana
32864170242,Illinois
94906747775,Minnesota
18770480437,Wisconsin
52168869188,Minnesota
26999608949,Indiana
90504679378,Indiana
79777767366,Wisconsin
12268421370,Michigan
82618320729,Wisconsin
77172978623,Indiana
49534730214,Indiana
45645978457,Michigan
69184545394,Illinois
32860516201,Illinois
49390887754,Michigan
85661292970,Michigan
54443725179,Wisconsin
59277504679,Indiana
38739707556,Illinois
58443271906,Michigan
99131098041,Wisconsin
90720196001,Indiana
93996742894,Illinois
87063954640,Michigan
46269473250,Wisconsin
33752659909,Wisconsin
17426581657,Wisconsin
34845729992,Michigan
17720814267,Minnesota
70866754361,Minnesota
12410934056,Illinois
17395947366,Indiana
30068779833,Illinois
24670422998,Indiana
68804687760,Wisconsin
38957212973,Wisconsin
42192302675,Indiana
15114237793,Wisconsin
27025444006,Wisconsin
14422691578,Illinois
76500683556,Michigan
95600206673,Minnesota
70052534378,Minnesota
95661005767,Illinois
76091243433,Michigan
10814855648,Michigan
42635685552,Wisconsin
94900840474,Michigan
56013818701,Michigan
12033326195,Wisconsin
12078797829,Minnesota
27088608513,Minnesota
74380249575,Indiana
78366348625,Michigan
55827861727,Illinois
73954893381,Illinois
62752727989,Indiana
89211956550,Michigan
95914961213,Michigan
19328879437,Minnesota
90613338189,Indiana
28242971633,Minnesota
74726039131,Wisconsin
69487021721,Wisconsin
60654227157,Minnesota
52181422758,Michigan
74163013466,Indiana
18465927323,Indiana
66498665465,Illinois
57086395306,Michigan
64939706095,Wisconsin
11980810088,Illinois
75778071716,Michigan
32368554845,Michigan
87927081386,Illinois
88175138318,Illinois
85072697449,Wisconsin
35881378154,Michigan
77251388545,Michigan
48850461554,Minnesota
61464199993,Indiana
22179311931,Michigan
23441033079,Minnesota
91455422315,Indiana
97174121215,Minnesota
26945338427,Wisconsin
12592139073,Indiana
41712566949,Illinois
17427440149,Minnesota
71197703915,Michigan
30005398270,Minnesota
80427195600,Minnesota
41438347919,Minnesota
65255836750,Michigan
80567692516,Minnesota
74852524506,Indiana
64900593670,Minnesota
86429084396,Wisconsin
53417397647,Minnesota
58350564412,Minnesota
26761317929,Illinois
55480661429,Illinois
60412167165,Minnesota
52242928853,Michigan
89106757917,Illinois
47388238332,Wisconsin
41093113387,Minnesota
55746486556,Illinois
78633036078,Michigan
74295579266,Minnesota
53080836905,Illinois
28191702541,Minnesota
46655093630,Illinois
13162975307,Minnesota
84502957073,Minnesota
28335665903,Michigan
29080013793,Wisconsin
38679973082,Wisconsin
52373787456,Michigan
10545723156,Wisconsin
31497418223,Minnesota
12155866684,Indiana
71887934436,Michigan
71133175744,Michigan
74704824718,Indiana
42913004796,Wisconsin
93577083734,Michigan
92739552713,Wisconsin
48778905557,Michigan
35457444911,Indiana
85445458903,Wisconsin
65434222152,Michigan
76299787121,Minnesota
68977304007,Illinois
65809765003,Indiana
53565326108,Indiana
47484171922,Michigan
81101624702,Wisconsin
42737698705,Michigan
58147861856,Illinois
76727309010,Indiana
61662961992,Wisconsin
41821253044,Michigan
85992189060,Minnesota
76324911474,Michigan
37882797124,Illinois
82837293920,Michigan
27126086205,Wisconsin
36016191192,Illinois
41809141646,Indiana
61378703863,Michigan
43466614512,Minnesota
59637942724,Indiana
19385286707,Minnesota
96598616264,Minnesota
33944586600,Indiana
54951360500,Indiana
49553976120,Michigan
80900885150,Indiana
54685331140,Indiana
62846038753,Illinois
43152862537,Indiana
43819122346,Minnesota
59754802344,Illinois
19225929191,Minnesota
74948804291,Wisconsin
43036333847,Illinois
99538022590,Michigan
79758955837,Wisconsin
21242019611,Michigan
88791870720,Wisconsin
44380872752,Michigan
65532700130,Illinois
43395621313,Michigan
41699196941,Minnesota
31750145043,Wisconsin
32206490242,Illinois
48730748920,Minnesota
15351554766,Indiana
57247850195,Minnesota
17360396879,Michigan
94280013648,Michigan
64687739508,Minnesota
67472991437,Minnesota
73602744075,Indiana
63512140369,Illinois
59597893902,Minnesota
32020127515,Wisconsin
82741805031,Wisconsin
59958250960,Wisconsin
99272219784,Indiana
99434032803,Indiana
61046629244,Wisconsin
59974853188,Illinois
97279387177,Michigan
91443628130,Wisconsin
45530491754,Illinois
80625685700,Indiana
64791620275,Minnesota
46823937357,Wisconsin
34302649549,Michigan
84473173858,Illinois
81098749844,Illinois
86571233944,Wisconsin
11319355484,Michigan
45675381357,Michigan
46031074413,Minnesota
75686536715,Wisconsin
52289131031,Indiana
67107614307,Indiana
63220562391,Michigan
87274704723,Illinois
15649467792,Minnesota
45875945000,Michigan
50461311295,Minnesota
96770986258,Wisconsin
15470763936,Illinois
24102326553,Wisconsin
82093029133,Illinois
69730660219,Indiana
47514753921,Minnesota
83168773956,Wisconsin
86401467902,Indiana
52223948257,Wisconsin
73595030232,Wisconsin
64890214182,Minnesota
75348207685,Indiana
10766169972,Wisconsin
15427470201,Illinois
40567891079,Illinois
69899299892,Wisconsin
71263494820,Michigan
73458184182,Illinois
56202651869,Indiana
76088416212,Illinois
86918296935,Michigan
78417419797,Wisconsin
31224587397,Wisconsin
83389182105,Michigan
14571895416,Wisconsin
61927975698,Michigan
13368454226,Wisconsin
47681083808,Michigan
94416796324,Wisconsin
45076674969,Minnesota
92543463232,Indiana
99915734765,Illinois
25157643793,Wisconsin
41578221277,Indiana
61168373925,Indiana
49932044933,Wisconsin
74424974333,Indiana
93337904189,Michigan
36995590117,Indiana
16310435176,Michigan
62159556548,Minnesota
72136095567,Illinois
11731166772,Minnesota
92084457160,Minnesota
32056666093,Wisconsin
36924308809,Wisconsin
21990006001,Minnesota
47564980349,Indiana
76870231230,Wisconsin
96436517864,Michigan
98030352777,Michigan
91957029190,Indiana
46371123947,Wisconsin
95110422886,Michigan
36087829656,Minnesota
28227393811,Wisconsin
77934567927,Wisconsin
96754503153,Michigan
13119692906,Wisconsin
92971029968,Indiana
38443485286,Indiana
75347645006,Minnesota
59681961969,Indiana
91771402048,Minnesota
47469084072,Indiana
58562409492,Michigan
50342606423,Minnesota
27817076475,Minnesota
14918350123,Michigan
56584858561,Wisconsin
27859572941,Minnesota
54637406535,Illinois
26678516811,Indiana
21737764202,Michigan
24175821432,Minnesota
98224191317,Indiana
11403187510,Indiana
38289016001,Illinois
11104820497,Indiana
97735442996,Wisconsin
50287736326,Wisconsin
96864369963,Illinois
20964185659,Illinois
59490321705,Minnesota
25229450597,Minnesota
65475310657,Wisconsin
74276737126,Michigan
15752871459,Minnesota
36413415482,Michigan
64996691564,Indiana
91553154843,Illinois
82907196308,Michigan
88836912218,Indiana
78708267658,Wisconsin
27598858623,Indiana
87738914227,Michigan
98314749740,Indiana
55712238245,Michigan
51305106124,Wisconsin
33396914098,Indiana
84196791726,Wisconsin
46688930877,Illinois
89530314247,Indiana
78794772305,Minnesota
51814194539,Indiana
81555014777,Indiana
91704528688,Wisconsin
91365596349,Michigan
35896364425,Indiana
87159895432,Michigan
48070464087,Minnesota
99547695771,Minnesota
55378541887,Wisconsin
32792964966,Illinois
75841857044,Minnesota
68960374708,Indiana
17071565608,Michigan
99257633567,Minnesota
80328186075,Illinois
81301372842,Wisconsin
59974089676,Indiana
15597660752,Michigan
18575966240,Wisconsin
30636434500,Minnesota
11121912747,Wisconsin
54140229851,Wisconsin
11457346148,Michigan
62129111897,Wisconsin
24984681920,Minnesota
91658579329,Wisconsin
29510634509,Indiana
33003093200,Michigan
25222119030,Minnesota
26344413511,Wisconsin
39389421935,Minnesota
57946385007,Wisconsin
65720119864,Minnesota
54097215884,Illinois
90815121928,Indiana
55780656092,Wisconsin
59200934888,Wisconsin
21927382393,Wisconsin
10294427083,Michigan
14318349039,Minnesota
75870737874,Wisconsin
98706053158,Michigan
46547790813,Illinois
16177196298,Michigan
38703757060,Indiana
27933148278,Minnesota
43742332879,Michigan
37629443093,Illinois
99598813921,Minnesota
62917878563,Wisconsin
78183711905,Wisconsin
92032829911,Minnesota
37236310324,Indiana
53236153952,Indiana
76680374507,Minnesota
13704533530,Minnesota
91211206175,Michigan
61426473632,Illinois
62989607816,Minnesota
85243155041,Minnesota
59126893267,Indiana
25123426325,Minnesota
93932151431,Indiana
94263226765,Wisconsin
54582007802,Illinois
68358783144,Michigan
14627120679,Illinois
26330749046,Illinois
15446116440,Minnesota
94419707378,Wisconsin
11275124991,Indiana
38626722307,Michigan
26284477177,Illinois
43810818638,Indiana
69514528481,Illinois
14791778004,Wisconsin
49922084940,Michigan
93242684283,Michigan
17623170525,Illinois
72315031060,Minnesota
49026720552,Wisconsin
71341956507,Minnesota
73566976787,Michigan
23331082071,Minnesota
52305914382,Minnesota
18333121832,Wisconsin
28329580183,Michigan
18978914787,Minnesota
19050845755,Michigan
63000635474,Michigan
80405995835,Wisconsin
73242489758,Illinois
86696378517,Indiana
22301108888,Minnesota
77261994656,Wisconsin
77377747491,Illinois
26013592325,Indiana
76683148533,Illinois
69212994246,Minnesota
56226573386,Minnesota
75956715494,Illinois
74770064658,Minnesota
53065665713,Indiana
62849354527,Wisconsin
17125372817,Indiana
29803938574,Michigan
53296404641,Minnesota
48755221288,Illinois
65361483600,Michigan
79952237913,Wisconsin
99038820700,Wisconsin
38714280766,Minnesota
19104757532,Michigan
11130423323,Michigan
57077150032,Indiana
58591188704,Minnesota
64885640610,Indiana
10535625063,Wisconsin
61629992246,Michigan
87030556766,Michigan
32267902667,Indiana
49805084447,Michigan
65345576909,Illinois
18132610930,Indiana
98262699257,Illinois
62208513470,Indiana
65643895341,Michigan
79639578394,Michigan
98874797021,Wisconsin
27548430205,Minnesota
74995732032,Wisconsin
46184895859,Wisconsin
96438754898,Wisconsin
98959085726,Indiana
36229074119,Minnesota
34974700134,Michigan
46556624832,Wisconsin
33807210980,Indiana
63608010798,Minnesota
66012805874,Illinois
37464383105,Minnesota
12131743832,Indiana
98214456319,Michigan
56009063825,Wisconsin
11669746574,Wisconsin
37564625412,Minnesota
29880420743,Minnesota
43183152500,Minnesota
76196679384,Minnesota
30424827594,Wisconsin
93355284073,Illinois
45213225174,Wisconsin
13215312724,Indiana
16550872058,Indiana
37225409467,Illinois
24066849320,Wisconsin
20473865772,Illinois
76481029301,Indiana
75645309923,Minnesota
59016495783,Illinois
73049882716,Minnesota
28812200086,Wisconsin
53836601289,Indiana
55510195914,Michigan
47942435432,Minnesota
28344275431,Wisconsin
29814317568,Illinois
67928793898,Illinois
54085614777,Minnesota
28802754558,Illinois
65072022262,Wisconsin
76083942616,Minnesota
75109084223,Indiana
58173732872,Wisconsin
78729687906,Illinois
46369226942,Indiana
12718292536,Illinois
27406614602,Illinois
43754298274,Indiana
46005770224,Illinois
26270481569,Illinois
17542697442,Michigan
12829564749,Minnesota
18497752781,Michigan
33234223300,Indiana
56081778946,Wisconsin
75118075486,Indiana
80788065086,Minnesota
35623475242,Michigan
89975995582,Indiana
98216676526,Indiana
62092161152,Michigan
76981716336,Indiana
69949912382,Indiana
46166694814,Michigan
16141878841,Michigan
48095820666,Michigan
87149545811,Minnesota
26424856265,Michigan
30021235353,Indiana
17147906182,Michigan
17978806095,Wisconsin
59861929397,Michigan
93535864574,Minnesota
24227020354,Illinois
84982289794,Indiana
85509328266,Illinois
86202926913,Minnesota
81610431470,Wisconsin
10053689730,Illinois
26005572786,Wisconsin
87848082292,Illinois
81112410189,Michigan
93923575303,Michigan
20281783570,Illinois
71320365390,Wisconsin
80264244507,Illinois
23892652632,Michigan
75438045597,Illinois
39758206266,Indiana
63666599950,Michigan
97154024603,Indiana
16047384883,Illinois
72381122133,Minnesota
22835849226,Indiana
35574177888,Michigan
35240442092,Michigan
25294655219,Minnesota
24174929471,Illinois
80866501791,Minnesota
55806779948,Wisconsin
79234377391,Illinois
76689177297,Minnesota
15869647308,Minnesota
62010392998,Illinois
48232618506,Indiana
54695577780,Michigan
55529424848,Michigan
66287075720,Illinois
19022326851,Minnesota
60509499257,Wisconsin
76894213559,Minnesota
19513053715,Indiana
21919434368,Michigan
71439199014,Michigan
48565115564,Wisconsin
75197054088,Minnesota
61927238043,Michigan
30280372511,Wisconsin
70634705170,Wisconsin
97628643350,Minnesota
52701128779,Minnesota
76721990128,Michigan
15828822084,Michigan
40816574490,Wisconsin
36249873313,Michigan
17839270074,Wisconsin
48950018080,Illinois
21928487674,Minnesota
54426934847,Indiana
60805314005,Michigan
48303411268,Michigan
98732809969,Minnesota
27925766890,Wisconsin
37682359389,Michigan
95739335619,Indiana
39467847685,Indiana
22355009535,Indiana
64907753943,Michigan
58992157204,Indiana
27121524719,Illinois
42202930304,Michigan
53089540228,Michigan
46802510791,Indiana
50938362284,Michigan
44192344393,Illinois
15243817063,Minnesota
90224732465,Minnesota
21109296885,Indiana
61010162774,Illinois
31603126913,Wisconsin
71062684813,Michigan
93345420359,Michigan
33614882785,Wisconsin
77445261489,Indiana
24494674960,Wisconsin
90676384373,Michigan
37723176363,Wisconsin
38579911632,Michigan
26581841438,Indiana
12723266094,Minnesota
80224848813,Wisconsin
43810261858,Michigan
60959374369,Illinois
85916611519,Michigan
52328567212,Michigan
70293984082,Wisconsin
47505299597,Minnesota
81681506482,Minnesota
20318324287,Michigan
35645248280,Indiana
95981818972,Indiana
89306736946,Illinois
65469727075,Michigan
26818125660,Indiana
27740946630,Illinois
55863642094,Illinois
46236496476,Minnesota
82712614479,Minnesota
98603011763,Wisconsin
59144901130,Indiana
64932070331,Michigan
60270023384,Indiana
64037596620,Minnesota
60598512298,Illinois
59520202976,Michigan
20402115554,Minnesota
71178750363,Wisconsin
56844024125,Michigan
72875553384,Illinois
22938775689,Illinois
62288461139,Indiana
36281306410,Illinois
80986239705,Indiana
28916300689,Michigan
67456093289,Michigan
33878141935,Michigan
57015351511,Minnesota
30611731430,Minnesota
51780184780,Indiana
21366546697,Indiana
26624541640,Michigan
77411962790,Michigan
82110358182,Indiana
87478787044,Illinois
47595169831,Illinois
32552666999,Illinois
58775609670,Wisconsin
89201036048,Illinois
52871233517,Michigan
41415540130,Minnesota
93304340902,Illinois
54501492881,Wisconsin
68584569963,Michigan
87177319167,Indiana
87689917398,Wisconsin
30855701450,Indiana
74456078533,Illinois
72070272767,Wisconsin
80332845645,Wisconsin
40909214120,Minnesota
20141815917,Illinois
81276458928,Indiana
33495080490,Indiana
59599600452,Minnesota
88567626115,Indiana
50646288710,Minnesota
70527041549,Michigan
88440071519,Wisconsin
86296691312,Michigan
76058946005,Minnesota
18100610225,Indiana
96716556706,Wisconsin
82194419376,Minnesota
11047076816,Indiana
57870155335,Minnesota
10246730588,Michigan
15489481544,Indiana
73140833208,Minnesota
59125401631,Illinois
58209443357,Minnesota
36915403471,Indiana
86589698817,Wisconsin
51411849258,Wisconsin
24543014266,Indiana
32828159324,Michigan
45469371029,Michigan
43131730569,Wisconsin
67781774852,Wisconsin
60447431974,Minnesota
65185856504,Minnesota
47660003382,Minnesota
54615095344,Minnesota
56606854633,Wisconsin
68592771569,Michigan
48457284701,Michigan
76996791954,Wisconsin
92836662481,Minnesota
24755695965,Minnesota
38713044864,Michigan
14973307330,Indiana
37334083180,Wisconsin
28376966289,Michigan
33931902625,Indiana
54782588898,Minnesota
51511185557,Wisconsin
83248238871,Minnesota
84799771050,Wisconsin
16596515690,Wisconsin
57406348525,Illinois
78908455036,Illinois
98865091596,Illinois
30281970825,Indiana
32339893452,Michigan
64760614501,Michigan
93937237817,Michigan
24388491581,Minnesota
20203830263,Wisconsin
57445846976,Illinois
92117213706,Minnesota
53619359409,Illinois
56558939258,Michigan
84136144916,Illinois
84025129996,Wisconsin
93309238220,Wisconsin
82738530322,Wisconsin
86106625051,Illinois
41019452315,Wisconsin
31129509251,Minnesota
53390633261,Illinois
47514320107,Minnesota
75499988616,Indiana
69463148852,Michigan
84105758324,Illinois
15612109245,Wisconsin
25496343240,Minnesota
85676900708,Minnesota
56833465606,Illinois
44749927999,Indiana
23407765765,Illinois
79320765949,Wisconsin
88013576705,Minnesota
80388334978,Michigan
79041583633,Indiana
27389196147,Michigan
43610703215,Wisconsin
29248244212,Michigan
97892218282,Illinois
68219322408,Indiana
61621130060,Wisconsin
54041686775,Indiana
75447138346,Illinois
57976125887,Illinois
75229485497,Minnesota
59245846241,Illinois
48647466472,Minnesota
99852173429,Wisconsin
12582955025,Minnesota
11881051294,Minnesota
77450465592,Michigan
29970313462,Minnesota
20345626294,Wisconsin
66596837108,Michigan
59849328955,Minnesota
71046715853,Indiana
48579079118,Wisconsin
72764973563,Michigan
43238202017,Michigan
52826267167,Michigan
49055941726,Illinois
69976144161,Illinois
54151877888,Minnesota
27681720109,Indiana
97103032963,Michigan
78719328100,Minnesota
98318431622,Minnesota
82091026390,Wisconsin
32097710553,Wisconsin
53930410561,Minnesota
65553538126,Illinois
65728991291,Indiana
92194120220,Michigan
65010220580,Wisconsin
42051663628,Minnesota
11970265684,Michigan
94969184908,Minnesota
57647838864,Illinois
31541628760,Illinois
73423720398,Minnesota
73579812119,Illinois
11254914747,Illinois
90430147243,Illinois
68343326050,Minnesota
83242878218,Indiana
24460741399,Minnesota
44870096216,Michigan
69293400671,Minnesota
82048416099,Michigan
96597974843,Minnesota
69601958157,Minnesota
60088403321,Michigan
69908968399,Michigan
74766824454,Michigan
55940838353,Wisconsin
24138499425,Minnesota
34543770682,Michigan
61344710252,Michigan
91922300995,Michigan
21395198369,Michigan
34189483529,Illinois
68478999685,Indiana
90371647871,Michigan
27675335341,Michigan
22167359005,Minnesota
14998564869,Indiana
18075824960,Michigan
17097653753,Wisconsin
60554476912,Indiana
44729160375,Wisconsin
59855304950,Illinois
59118088549,Illinois
14957943448,Minnesota
28453911372,Illinois
87903018971,Minnesota
84734200721,Illinois
36100465931,Minnesota
45094541009,Wisconsin
87956879011,Minnesota
57334248173,Illinois
92219656102,Wisconsin
13821069885,Illinois
50552144892,Minnesota
49440981400,Indiana
88478590400,Indiana
99078565175,Wisconsin
76614007785,Wisconsin
65248526032,Michigan
10794268501,Illinois
95344252891,Indiana
95140326789,Indiana
56195516972,Minnesota
88300135557,Wisconsin
69480859194,Michigan
67492483558,Michigan
50701872527,Illinois
46849283035,Michigan
94597811699,Minnesota
11669871891,Indiana
76460939257,Indiana
76676381360,Indiana
76224420567,Indiana
58056155532,Michigan
80658960333,Michigan
78230565629,Illinois
68412214815,Wisconsin
89527714843,Illinois
37037982658,Minnesota
75994930931,Indiana
97905381912,Wisconsin
79910382142,Indiana
59269401202,Illinois
64211898529,Minnesota
44032813158,Minnesota
22373773496,Indiana
35969261203,Illinois
68348510092,Wisconsin
90040223734,Illinois
34478832544,Michigan
76275611563,Indiana
29064130352,Michigan
66245735387,Wisconsin
22095206709,Minnesota
95275936012,Michigan
48908976908,Minnesota
92741692121,Michigan
88541415125,Indiana
68161343439,Minnesota
74948386460,Indiana
90879834575,Michigan
28064123437,Wisconsin
42125370477,Wisconsin
17340827736,Minnesota
86104087857,Minnesota
88478130990,Michigan
28021038734,Michigan
72266839983,Illinois
55171094737,Michigan
10157848607,Indiana
68923910073,Michigan
30059220161,Wisconsin
61992933942,Indiana
33427921604,Wisconsin
90552914914,Indiana
26846245014,Wisconsin
30580072478,Michigan
82172572182,Illinois
61496603009,Illinois
71218116174,Michigan
38990427581,Minnesota
19256791386,Michigan
74068226838,Michigan
29242642519,Minnesota
57286532988,Illinois
20324640194,Indiana
97766448687,Michigan
58167213886,Wisconsin
15625472739,Illinois
99918805142,Michigan
29426553932,Minnesota
78901327434,Minnesota
71807945423,Illinois
12305701317,Michigan
93580070473,Indiana
90057553252,Illinois
63676798822,Michigan
72340642380,Illinois
10718574421,Indiana
50201289727,Minnesota
79191558225,Wisconsin
65201297687,Illinois
18807111703,Michigan
87637273589,Michigan
87916348204,Minnesota
67046241992,Wisconsin
57032590361,Indiana
50778151906,Illinois
41160322134,Wisconsin
74728872830,Illinois
72103942205,Indiana
97955026443,Illinois
28843075015,Indiana
80548215872,Illinois
12206062224,Minnesota
15763244566,Illinois
54502077074,Illinois
79983224381,Minnesota
99316076387,Indiana
70512399049,Wisconsin
55743674264,Illinois
28806543499,Michigan
58502627616,Indiana
26115468699,Wisconsin
52748023149,Illinois
41844488552,Illinois
96051959537,Illinois
54130444692,Illinois
46970019313,Minnesota
62033478872,Minnesota
66480281316,Wisconsin
13477586170,Wisconsin
80044294741,Minnesota
78264408163,Indiana
76020351992,Indiana
54211218676,Wisconsin
50206594231,Michigan
35233830966,Wisconsin
52266320344,Indiana
99255388316,Minnesota
40603669932,Illinois
92785547125,Michigan
66061837097,Michigan
47599115240,Michigan
78778269842,Indiana
26665385014,Illinois
55269796064,Michigan
64797417785,Michigan
92630884852,Minnesota
27466239606,Wisconsin
68031041947,Wisconsin
70253606807,Wisconsin
39921947878,Wisconsin
36390177894,Wisconsin
20584086429,Illinois
34464315179,Minnesota
95849126803,Michigan
37917124853,Minnesota
16865125482,Indiana
77064494106,Illinois
65028892957,Indiana
61218095891,Wisconsin
44066641499,Wisconsin
27605048042,Indiana
79716624558,Minnesota
22413319543,Michigan
65041332622,Indiana
10458263218,Michigan
18051253612,Minnesota
